Keyword,Target Page,Search Intent,Priority
FBISE model papers 2026,Dashboard / class pages,Transactional,High
FBISE past papers 2026,Dashboard / Student Hub,Transactional,High
FBISE syllabus 2026,Student Hub,Informational,High
FBISE assessment framework 2026,Dashboard / Study Lab,Informational,High
FBISE SLO based model papers,Dashboard,Informational,High
FBISE Grade 9 model papers 2026,grade-9.html,Transactional,High
FBISE 9th class past papers,grade-9.html,Transactional,High
FBISE Grade 9 assessment framework,grade-9.html,Informational,High
FBISE 9th class syllabus 2026,grade-9.html,Informational,High
FBISE Grade 10 model papers 2026,grade-10.html,Transactional,High
FBISE 10th class past papers,grade-10.html,Transactional,High
FBISE Grade 10 assessment framework,grade-10.html,Informational,High
FBISE 10th class syllabus 2026,grade-10.html,Informational,High
FBISE 1st year model papers 2026,first-year.html,Transactional,High
FBISE 11th class past papers,first-year.html,Transactional,High
FBISE HSSC-I assessment framework,first-year.html,Informational,High
FBISE 2nd year model papers 2026,second-year.html,Transactional,High
FBISE 12th class past papers,second-year.html,Transactional,High
FBISE HSSC-II assessment framework,second-year.html,Informational,High
how to prepare for FBISE exam,article.html,Informational,High
FBISE exam preparation,article.html,Informational,High
FBISE SLO preparation,article.html,Informational,High
FBISE study routine,article.html,Informational,Medium
FBISE paper pattern 2026,study-lab.html,Informational,High
FBISE MCQs practice,study-lab.html,Informational,High
FBISE mock test,study-lab.html,Informational,Medium
FBISE study planner,study-lab.html,Informational,Medium
FBISE latest news 2026,fbise-news.html,Informational,High
FBISE notification 2026,fbise-news.html,Informational,High
FBISE date sheet 2026,fbise-news.html,High intent,High
FBISE result 2026,student-hub.html,Navigational,High
FBISE roll number slip 2026,student-hub.html,Navigational,High
FBISE old question papers,student-hub.html,Transactional,High
FBISE official model papers,dashboard.html,Navigational,High
FBISE syllabus and model papers,dashboard.html,Informational,High
FBISE 50% MCQs 50% descriptive,study-lab.html,Informational,Medium
FBISE inclusive scheme of studies 2024,dashboard.html,Informational,Medium
